PRAGMA foreign_keys=OFF;
BEGIN TRANSACTION;
CREATE TABLE IF NOT EXISTS "django_migrations" ("id" integer NOT NULL PRIMARY KEY AUTOINCREMENT, "app" varchar(255) NOT NULL, "name" varchar(255) NOT NULL, "applied" datetime NOT NULL);
INSERT INTO django_migrations VALUES(1,'contenttypes','0001_initial','2024-11-17 23:47:20.226039');
INSERT INTO django_migrations VALUES(2,'auth','0001_initial','2024-11-17 23:47:20.263629');
INSERT INTO django_migrations VALUES(3,'admin','0001_initial','2024-11-17 23:47:20.302223');
INSERT INTO django_migrations VALUES(4,'admin','0002_logentry_remove_auto_add','2024-11-17 23:47:20.337874');
INSERT INTO django_migrations VALUES(5,'admin','0003_logentry_add_action_flag_choices','2024-11-17 23:47:20.363552');
INSERT INTO django_migrations VALUES(6,'contenttypes','0002_remove_content_type_name','2024-11-17 23:47:20.408064');
INSERT INTO django_migrations VALUES(7,'auth','0002_alter_permission_name_max_length','2024-11-17 23:47:20.430181');
INSERT INTO django_migrations VALUES(8,'auth','0003_alter_user_email_max_length','2024-11-17 23:47:20.455446');
INSERT INTO django_migrations VALUES(9,'auth','0004_alter_user_username_opts','2024-11-17 23:47:20.490754');
INSERT INTO django_migrations VALUES(10,'auth','0005_alter_user_last_login_null','2024-11-17 23:47:20.523205');
INSERT INTO django_migrations VALUES(11,'auth','0006_require_contenttypes_0002','2024-11-17 23:47:20.542370');
INSERT INTO django_migrations VALUES(12,'auth','0007_alter_validators_add_error_messages','2024-11-17 23:47:20.569204');
INSERT INTO django_migrations VALUES(13,'auth','0008_alter_user_username_max_length','2024-11-17 23:47:20.602108');
INSERT INTO django_migrations VALUES(14,'auth','0009_alter_user_last_name_max_length','2024-11-17 23:47:20.629744');
INSERT INTO django_migrations VALUES(15,'auth','0010_alter_group_name_max_length','2024-11-17 23:47:20.661926');
INSERT INTO django_migrations VALUES(16,'auth','0011_update_proxy_permissions','2024-11-17 23:47:20.684864');
INSERT INTO django_migrations VALUES(17,'auth','0012_alter_user_first_name_max_length','2024-11-17 23:47:20.716506');
INSERT INTO django_migrations VALUES(18,'sessions','0001_initial','2024-11-17 23:47:20.743248');
INSERT INTO django_migrations VALUES(19,'tracker','0001_initial','2024-11-17 23:47:20.830980');
CREATE TABLE IF NOT EXISTS "auth_group_permissions" ("id" integer NOT NULL PRIMARY KEY AUTOINCREMENT, "group_id" integer NOT NULL REFERENCES "auth_group" ("id") DEFERRABLE INITIALLY DEFERRED, "permission_id" integer NOT NULL REFERENCES "auth_permission" ("id") DEFERRABLE INITIALLY DEFERRED);
CREATE TABLE IF NOT EXISTS "auth_user_groups" ("id" integer NOT NULL PRIMARY KEY AUTOINCREMENT, "user_id" integer NOT NULL REFERENCES "auth_user" ("id") DEFERRABLE INITIALLY DEFERRED, "group_id" integer NOT NULL REFERENCES "auth_group" ("id") DEFERRABLE INITIALLY DEFERRED);
CREATE TABLE IF NOT EXISTS "auth_user_user_permissions" ("id" integer NOT NULL PRIMARY KEY AUTOINCREMENT, "user_id" integer NOT NULL REFERENCES "auth_user" ("id") DEFERRABLE INITIALLY DEFERRED, "permission_id" integer NOT NULL REFERENCES "auth_permission" ("id") DEFERRABLE INITIALLY DEFERRED);
CREATE TABLE IF NOT EXISTS "django_admin_log" ("id" integer NOT NULL PRIMARY KEY AUTOINCREMENT, "object_id" text NULL, "object_repr" varchar(200) NOT NULL, "action_flag" smallint unsigned NOT NULL CHECK ("action_flag" >= 0), "change_message" text NOT NULL, "content_type_id" integer NULL REFERENCES "django_content_type" ("id") DEFERRABLE INITIALLY DEFERRED, "user_id" integer NOT NULL REFERENCES "auth_user" ("id") DEFERRABLE INITIALLY DEFERRED, "action_time" datetime NOT NULL);
INSERT INTO django_admin_log VALUES(1,'1','Food',1,'[{"added": {}}]',7,1,'2024-11-17 23:58:39.308837');
INSERT INTO django_admin_log VALUES(2,'2','Transport',1,'[{"added": {}}]',7,1,'2024-11-17 23:59:06.294898');
CREATE TABLE IF NOT EXISTS "django_content_type" ("id" integer NOT NULL PRIMARY KEY AUTOINCREMENT, "app_label" varchar(100) NOT NULL, "model" varchar(100) NOT NULL);
INSERT INTO django_content_type VALUES(1,'admin','logentry');
INSERT INTO django_content_type VALUES(2,'auth','permission');
INSERT INTO django_content_type VALUES(3,'auth','group');
INSERT INTO django_content_type VALUES(4,'auth','user');
INSERT INTO django_content_type VALUES(5,'contenttypes','contenttype');
INSERT INTO django_content_type VALUES(6,'sessions','session');
INSERT INTO django_content_type VALUES(7,'tracker','category');
INSERT INTO django_content_type VALUES(8,'tracker','expense');
INSERT INTO django_content_type VALUES(9,'tracker','goal');
INSERT INTO django_content_type VALUES(10,'tracker','income');
INSERT INTO django_content_type VALUES(11,'tracker','userprofile');
CREATE TABLE IF NOT EXISTS "auth_permission" ("id" integer NOT NULL PRIMARY KEY AUTOINCREMENT, "content_type_id" integer NOT NULL REFERENCES "django_content_type" ("id") DEFERRABLE INITIALLY DEFERRED, "codename" varchar(100) NOT NULL, "name" varchar(255) NOT NULL);
INSERT INTO auth_permission VALUES(1,1,'add_logentry','Can add log entry');
INSERT INTO auth_permission VALUES(2,1,'change_logentry','Can change log entry');
INSERT INTO auth_permission VALUES(3,1,'delete_logentry','Can delete log entry');
INSERT INTO auth_permission VALUES(4,1,'view_logentry','Can view log entry');
INSERT INTO auth_permission VALUES(5,2,'add_permission','Can add permission');
INSERT INTO auth_permission VALUES(6,2,'change_permission','Can change permission');
INSERT INTO auth_permission VALUES(7,2,'delete_permission','Can delete permission');
INSERT INTO auth_permission VALUES(8,2,'view_permission','Can view permission');
INSERT INTO auth_permission VALUES(9,3,'add_group','Can add group');
INSERT INTO auth_permission VALUES(10,3,'change_group','Can change group');
INSERT INTO auth_permission VALUES(11,3,'delete_group','Can delete group');
INSERT INTO auth_permission VALUES(12,3,'view_group','Can view group');
INSERT INTO auth_permission VALUES(13,4,'add_user','Can add user');
INSERT INTO auth_permission VALUES(14,4,'change_user','Can change user');
INSERT INTO auth_permission VALUES(15,4,'delete_user','Can delete user');
INSERT INTO auth_permission VALUES(16,4,'view_user','Can view user');
INSERT INTO auth_permission VALUES(17,5,'add_contenttype','Can add content type');
INSERT INTO auth_permission VALUES(18,5,'change_contenttype','Can change content type');
INSERT INTO auth_permission VALUES(19,5,'delete_contenttype','Can delete content type');
INSERT INTO auth_permission VALUES(20,5,'view_contenttype','Can view content type');
INSERT INTO auth_permission VALUES(21,6,'add_session','Can add session');
INSERT INTO auth_permission VALUES(22,6,'change_session','Can change session');
INSERT INTO auth_permission VALUES(23,6,'delete_session','Can delete session');
INSERT INTO auth_permission VALUES(24,6,'view_session','Can view session');
INSERT INTO auth_permission VALUES(25,7,'add_category','Can add category');
INSERT INTO auth_permission VALUES(26,7,'change_category','Can change category');
INSERT INTO auth_permission VALUES(27,7,'delete_category','Can delete category');
INSERT INTO auth_permission VALUES(28,7,'view_category','Can view category');
INSERT INTO auth_permission VALUES(29,8,'add_expense','Can add expense');
INSERT INTO auth_permission VALUES(30,8,'change_expense','Can change expense');
INSERT INTO auth_permission VALUES(31,8,'delete_expense','Can delete expense');
INSERT INTO auth_permission VALUES(32,8,'view_expense','Can view expense');
INSERT INTO auth_permission VALUES(33,9,'add_goal','Can add goal');
INSERT INTO auth_permission VALUES(34,9,'change_goal','Can change goal');
INSERT INTO auth_permission VALUES(35,9,'delete_goal','Can delete goal');
INSERT INTO auth_permission VALUES(36,9,'view_goal','Can view goal');
INSERT INTO auth_permission VALUES(37,10,'add_income','Can add income');
INSERT INTO auth_permission VALUES(38,10,'change_income','Can change income');
INSERT INTO auth_permission VALUES(39,10,'delete_income','Can delete income');
INSERT INTO auth_permission VALUES(40,10,'view_income','Can view income');
INSERT INTO auth_permission VALUES(41,11,'add_userprofile','Can add user profile');
INSERT INTO auth_permission VALUES(42,11,'change_userprofile','Can change user profile');
INSERT INTO auth_permission VALUES(43,11,'delete_userprofile','Can delete user profile');
INSERT INTO auth_permission VALUES(44,11,'view_userprofile','Can view user profile');
CREATE TABLE IF NOT EXISTS "auth_group" ("id" integer NOT NULL PRIMARY KEY AUTOINCREMENT, "name" varchar(150) NOT NULL UNIQUE);
CREATE TABLE IF NOT EXISTS "auth_user" ("id" integer NOT NULL PRIMARY KEY AUTOINCREMENT, "password" varchar(128) NOT NULL, "last_login" datetime NULL, "is_superuser" bool NOT NULL, "username" varchar(150) NOT NULL UNIQUE, "last_name" varchar(150) NOT NULL, "email" varchar(254) NOT NULL, "is_staff" bool NOT NULL, "is_active" bool NOT NULL, "date_joined" datetime NOT NULL, "first_name" varchar(150) NOT NULL);
INSERT INTO auth_user VALUES(1,'pbkdf2_sha256$870000$4rwfxRVegXczaceZ2kgYmE$78Gnet+ykSBgkPdGZFtP9OoN+vuevwFVfhgUtFgpwj0=','2024-11-17 23:57:42.163633',1,'admin','','admin@example.com',1,1,'2024-11-17 23:48:35.231983','');
INSERT INTO auth_user VALUES(2,'pbkdf2_sha256$870000$zcOA5j5tuFJCF4be3bsROB$jEU0R7CVSam2t2e5CTPBhXzmxe6ALpeGd0q/rCSkIR0=','2024-11-17 23:59:21.982646',0,'barry','','',0,1,'2024-11-17 23:49:35.498562','');
CREATE TABLE IF NOT EXISTS "django_session" ("session_key" varchar(40) NOT NULL PRIMARY KEY, "session_data" text NOT NULL, "expire_date" datetime NOT NULL);
INSERT INTO django_session VALUES('1y0ffqseij4p5a0vkflfkfqxbmukoq3c','.eJxVjEsOgjAUAO_y1qZpedAWlu49A-n71KIGEgor490NCQvdzkzmDWPatzLuVddxEhiggcsvo8RPnQ8hjzTfF8PLvK0TmSMxp63mtoi-rmf7NyipFhiAWJW4zY5ztGQldqxIPfVWpEN0PkS0gX2Q4FEius63GiwL9o3NmOHzBQimOAg:1tCpAn:K6jif6bj3zd7HwegWQYzgwEuxI7VLZehG7QG9dzutIM','2024-12-01 23:59:21.993686');
CREATE TABLE IF NOT EXISTS "tracker_category" ("id" integer NOT NULL PRIMARY KEY AUTOINCREMENT, "name" varchar(50) NOT NULL, "user_id" integer NOT NULL REFERENCES "auth_user" ("id") DEFERRABLE INITIALLY DEFERRED);
INSERT INTO tracker_category VALUES(1,'Food',2);
INSERT INTO tracker_category VALUES(2,'Transport',2);
CREATE TABLE IF NOT EXISTS "tracker_expense" ("id" integer NOT NULL PRIMARY KEY AUTOINCREMENT, "amount" decimal NOT NULL, "description" varchar(200) NULL, "date" date NOT NULL, "category_id" bigint NULL REFERENCES "tracker_category" ("id") DEFERRABLE INITIALLY DEFERRED, "user_id" integer NOT NULL REFERENCES "auth_user" ("id") DEFERRABLE INITIALLY DEFERRED);
INSERT INTO tracker_expense VALUES(3,0.11,'','2024-11-18',1,2);
INSERT INTO tracker_expense VALUES(6,0.0100000000000000002,'','2024-11-22',2,2);
CREATE TABLE IF NOT EXISTS "tracker_goal" ("id" integer NOT NULL PRIMARY KEY AUTOINCREMENT, "name" varchar(100) NOT NULL, "target_amount" decimal NOT NULL, "saved_amount" decimal NOT NULL, "due_date" date NOT NULL, "user_id" integer NOT NULL REFERENCES "auth_user" ("id") DEFERRABLE INITIALLY DEFERRED);
CREATE TABLE IF NOT EXISTS "tracker_income" ("id" integer NOT NULL PRIMARY KEY AUTOINCREMENT, "amount" decimal NOT NULL, "source" varchar(100) NOT NULL, "date" date NOT NULL, "user_id" integer NOT NULL REFERENCES "auth_user" ("id") DEFERRABLE INITIALLY DEFERRED);
CREATE TABLE IF NOT EXISTS "tracker_userprofile" ("id" integer NOT NULL PRIMARY KEY AUTOINCREMENT, "budget" decimal NOT NULL, "user_id" integer NOT NULL UNIQUE REFERENCES "auth_user" ("id") DEFERRABLE INITIALLY DEFERRED);
DELETE FROM sqlite_sequence;
INSERT INTO sqlite_sequence VALUES('django_migrations',19);
INSERT INTO sqlite_sequence VALUES('django_admin_log',2);
INSERT INTO sqlite_sequence VALUES('django_content_type',11);
INSERT INTO sqlite_sequence VALUES('auth_permission',44);
INSERT INTO sqlite_sequence VALUES('auth_group',0);
INSERT INTO sqlite_sequence VALUES('auth_user',2);
INSERT INTO sqlite_sequence VALUES('tracker_category',2);
INSERT INTO sqlite_sequence VALUES('tracker_expense',6);
CREATE UNIQUE INDEX "auth_group_permissions_group_id_permission_id_0cd325b0_uniq" ON "auth_group_permissions" ("group_id", "permission_id");
CREATE INDEX "auth_group_permissions_group_id_b120cbf9" ON "auth_group_permissions" ("group_id");
CREATE INDEX "auth_group_permissions_permission_id_84c5c92e" ON "auth_group_permissions" ("permission_id");
CREATE UNIQUE INDEX "auth_user_groups_user_id_group_id_94350c0c_uniq" ON "auth_user_groups" ("user_id", "group_id");
CREATE INDEX "auth_user_groups_user_id_6a12ed8b" ON "auth_user_groups" ("user_id");
CREATE INDEX "auth_user_groups_group_id_97559544" ON "auth_user_groups" ("group_id");
CREATE UNIQUE INDEX "auth_user_user_permissions_user_id_permission_id_14a6b632_uniq" ON "auth_user_user_permissions" ("user_id", "permission_id");
CREATE INDEX "auth_user_user_permissions_user_id_a95ead1b" ON "auth_user_user_permissions" ("user_id");
CREATE INDEX "auth_user_user_permissions_permission_id_1fbb5f2c" ON "auth_user_user_permissions" ("permission_id");
CREATE INDEX "django_admin_log_content_type_id_c4bce8eb" ON "django_admin_log" ("content_type_id");
CREATE INDEX "django_admin_log_user_id_c564eba6" ON "django_admin_log" ("user_id");
CREATE UNIQUE INDEX "django_content_type_app_label_model_76bd3d3b_uniq" ON "django_content_type" ("app_label", "model");
CREATE UNIQUE INDEX "auth_permission_content_type_id_codename_01ab375a_uniq" ON "auth_permission" ("content_type_id", "codename");
CREATE INDEX "auth_permission_content_type_id_2f476e4b" ON "auth_permission" ("content_type_id");
CREATE INDEX "django_session_expire_date_a5c62663" ON "django_session" ("expire_date");
CREATE INDEX "tracker_category_user_id_edf2a226" ON "tracker_category" ("user_id");
CREATE INDEX "tracker_expense_category_id_173a94b6" ON "tracker_expense" ("category_id");
CREATE INDEX "tracker_expense_user_id_ec1a4ee0" ON "tracker_expense" ("user_id");
CREATE INDEX "tracker_goal_user_id_422969c2" ON "tracker_goal" ("user_id");
CREATE INDEX "tracker_income_user_id_0746d01c" ON "tracker_income" ("user_id");
COMMIT;
